Date,ethereum,bitcoin
10-11-2017,299.252991,6618.140137
11-11-2017,314.681,6357.600098
12-11-2017,307.90799,5950.069824
13-11-2017,316.716003,6559.490234
14-11-2017,337.631012,6635.75
15-11-2017,333.356995,7315.540039
16-11-2017,330.924011,7871.689941
17-11-2017,332.394012,7708.990234
18-11-2017,347.612,7790.149902
19-11-2017,354.385986,8036.490234
20-11-2017,366.730011,8200.639648
21-11-2017,360.401001,8071.259766
22-11-2017,380.652008,8253.549805
23-11-2017,410.165985,8038.77002
24-11-2017,474.911011,8253.69043
25-11-2017,466.276001,8790.919922
26-11-2017,471.329987,9330.549805
27-11-2017,480.355011,9818.349609
28-11-2017,472.902008,10058.79981
29-11-2017,427.52301,9888.610352
30-11-2017,447.114014,10233.59961
01-12-2017,466.540009,10975.59961
02-12-2017,463.449005,11074.59961
03-12-2017,465.852997,11323.2002
04-12-2017,470.20401,11657.2002
05-12-2017,463.281006,11916.7002
06-12-2017,428.588013,14291.5
07-12-2017,434.40799,17899.69922
08-12-2017,456.031006,16569.40039
09-12-2017,473.502014,15178.2002
10-12-2017,441.721008,15455.40039
11-12-2017,515.135986,16936.80078
12-12-2017,651.43103,17415.40039
13-12-2017,702.767029,16408.19922
14-12-2017,695.815979,16564
15-12-2017,684.447998,17706.90039
16-12-2017,696.208984,19497.40039
17-12-2017,719.974976,19140.80078
18-12-2017,794.64502,19114.19922
19-12-2017,826.822998,17776.69922
20-12-2017,819.085999,16624.59961
21-12-2017,821.062988,15802.90039
22-12-2017,674.859985,13831.79981
23-12-2017,719.387024,14699.2002
24-12-2017,694.14801,13925.79981
25-12-2017,765.833984,14026.59961
26-12-2017,773.835999,16099.79981
27-12-2017,762.84198,15838.5
28-12-2017,737.02301,14606.5
29-12-2017,753.59198,14656.2002
30-12-2017,717.257019,12952.2002
31-12-2017,756.732971,14156.40039
01-01-2018,772.640991,13657.2002
02-01-2018,884.44397,14982.09961
03-01-2018,962.719971,15201
04-01-2018,980.921997,15599.2002
05-01-2018,997.719971,17429.5
06-01-2018,1041.680054,17527
07-01-2018,1153.170044,16477.59961
08-01-2018,1148.530029,15170.09961
09-01-2018,1299.73999,14595.40039
10-01-2018,1255.819946,14973.29981
11-01-2018,1154.930054,13405.79981
12-01-2018,1273.199951,13980.59961
13-01-2018,1396.420044,14360.2002
14-01-2018,1366.77002,13772
15-01-2018,1291.920044,13819.79981
16-01-2018,1053.689941,11490.5
17-01-2018,1014.25,11188.59961
18-01-2018,1036.280029,11474.90039
19-01-2018,1039.099976,11607.40039
20-01-2018,1155.150024,12899.2002
21-01-2018,1049.579956,11600.09961
22-01-2018,1003.26001,10931.40039
23-01-2018,986.229004,10868.40039
24-01-2018,1058.780029,11359.40039
25-01-2018,1056.030029,11259.40039
26-01-2018,1055.170044,11171.40039
27-01-2018,1107.069946,11440.7002
28-01-2018,1246.01001,11786.29981
29-01-2018,1182.359985,11296.40039
30-01-2018,1071.130005,10106.29981
31-01-2018,1118.310059,10221.09961
01-02-2018,1036.790039,9170.540039
02-02-2018,915.784973,8830.75
03-02-2018,964.018982,9174.910156
04-02-2018,834.682007,8277.009766
05-02-2018,697.950989,6955.27002
06-02-2018,793.122009,7754
07-02-2018,757.067993,7621.299805
08-02-2018,817.807007,8265.589844
09-02-2018,883.86499,8736.980469
10-02-2018,860.414978,8621.900391
11-02-2018,814.659973,8129.970215
12-02-2018,868.70697,8926.570313
13-02-2018,845.257996,8598.30957
14-02-2018,923.560974,9494.629883
15-02-2018,936.976013,10166.40039
16-02-2018,944.210022,10233.90039
17-02-2018,974.11499,11112.7002
18-02-2018,923.921021,10551.79981
19-02-2018,943.86499,11225.29981
20-02-2018,895.370972,11403.7002
21-02-2018,849.971008,10690.40039
22-02-2018,812.844971,10005
23-02-2018,864.189026,10301.09961
24-02-2018,840.515015,9813.070313
25-02-2018,844.809998,9664.730469
26-02-2018,869.315002,10366.7002
27-02-2018,878.265015,10725.59961
28-02-2018,855.198975,10397.90039
01-03-2018,872.200012,10951
02-03-2018,856.853027,11086.40039
03-03-2018,857.224976,11489.7002
04-03-2018,866.677979,11512.59961
05-03-2018,853.684021,11573.29981
06-03-2018,816.950989,10779.90039
07-03-2018,752.830994,9965.570313
08-03-2018,704.596008,9395.009766
09-03-2018,728.916016,9337.549805
10-03-2018,686.890015,8866
11-03-2018,723.338989,9578.629883
12-03-2018,699.830994,9205.120117
13-03-2018,690.827026,9194.849609
14-03-2018,614.291016,8269.80957
15-03-2018,611.304016,8300.860352
16-03-2018,601.666016,8338.349609
17-03-2018,552.778992,7916.879883
18-03-2018,538.643982,8223.679688
19-03-2018,556.726013,8630.650391
20-03-2018,557.174988,8913.469727
21-03-2018,561.731995,8929.280273
22-03-2018,539.702026,8728.469727
23-03-2018,539.619019,8879.620117
24-03-2018,526.439026,8668.120117
25-03-2018,524.286987,8495.780273
26-03-2018,489.950989,8209.400391
27-03-2018,450.115997,7833.040039
28-03-2018,446.278992,7954.47998
29-03-2018,385.967987,7165.700195
30-03-2018,394.644989,6890.52002
31-03-2018,396.457001,6973.529785
01-04-2018,379.606995,6844.22998
02-04-2018,386.424988,7083.799805
03-04-2018,416.893005,7456.109863
04-04-2018,380.542999,6853.839844
05-04-2018,383.231995,6811.470215
06-04-2018,370.285004,6636.319824
07-04-2018,385.313995,6911.089844
08-04-2018,400.507996,7023.52002
09-04-2018,398.526001,6770.72998
10-04-2018,414.243011,6834.759766
11-04-2018,430.540009,6968.319824
12-04-2018,492.94101,7889.25
13-04-2018,492.734985,7895.959961
14-04-2018,501.477997,7986.240234
15-04-2018,531.702026,8329.110352
16-04-2018,511.147003,8058.669922
17-04-2018,502.894012,7902.089844
18-04-2018,524.789001,8163.419922
19-04-2018,567.888977,8294.30957
20-04-2018,615.718018,8845.830078
21-04-2018,605.39502,8895.580078
22-04-2018,621.859985,8802.459961
23-04-2018,642.547974,8930.879883
24-04-2018,708.15802,9697.5
25-04-2018,615.416016,8845.740234
26-04-2018,662.809021,9281.509766
27-04-2018,647.031982,8987.049805
28-04-2018,683.677979,9348.480469
29-04-2018,688.880981,9419.080078
30-04-2018,669.924011,9240.549805
01-05-2018,673.612976,9119.009766
02-05-2018,687.148987,9235.919922
03-05-2018,779.54303,9743.860352
04-05-2018,785.624023,9700.759766
05-05-2018,816.119995,9858.150391
06-05-2018,792.310974,9654.799805
07-05-2018,753.724976,9373.009766
08-05-2018,752.856995,9234.820313
09-05-2018,752.275024,9325.179688
10-05-2018,727.276978,9043.94043
11-05-2018,679.585999,8441.490234
12-05-2018,686.047974,8504.889648
13-05-2018,733.495972,8723.94043
14-05-2018,730.549011,8716.790039
15-05-2018,708.870972,8510.379883
16-05-2018,707.049988,8368.830078
17-05-2018,672.656982,8094.319824
18-05-2018,694.367004,8250.969727
19-05-2018,696.530029,8247.179688
20-05-2018,715.369019,8513.25
21-05-2018,699.221985,8418.990234
22-05-2018,647.741028,8041.779785
23-05-2018,583.585022,7557.819824
24-05-2018,601.755005,7587.339844
25-05-2018,586.734009,7480.140137
26-05-2018,587.280029,7355.879883
27-05-2018,572.66803,7368.220215
28-05-2018,516.036011,7135.990234
29-05-2018,565.388,7472.589844
30-05-2018,559.590027,7406.52002
31-05-2018,577.64502,7494.169922
01-06-2018,580.04303,7541.450195
02-06-2018,591.807983,7643.450195
03-06-2018,618.328979,7720.25
04-06-2018,592.984985,7514.470215
05-06-2018,609.302979,7633.759766
06-06-2018,607.124023,7653.97998
07-06-2018,605.187012,7678.240234
08-06-2018,601.077026,7624.919922
09-06-2018,597.562012,7531.97998
10-06-2018,526.479004,6786.02002
11-06-2018,533.283997,6906.919922
12-06-2018,496.842987,6582.359863
13-06-2018,477.493988,6349.899902
14-06-2018,519.742004,6675.350098
15-06-2018,491.003998,6456.580078
16-06-2018,499.641998,6550.160156
17-06-2018,500.447998,6499.27002
18-06-2018,518.890991,6734.819824
19-06-2018,537.95697,6769.939941
20-06-2018,536.268005,6776.549805
21-06-2018,527.367004,6729.740234
22-06-2018,465.816986,6083.689941
23-06-2018,474.519989,6162.47998
24-06-2018,457.671997,6173.22998
25-06-2018,460.309998,6249.180176
26-06-2018,432.772003,6093.669922
27-06-2018,442.36499,6157.129883
28-06-2018,422.36499,5903.439941
29-06-2018,436.009003,6218.299805
30-06-2018,455.179993,6404
01-07-2018,453.917999,6385.819824
02-07-2018,475.346985,6614.180176
03-07-2018,464.195007,6529.589844
04-07-2018,467.317993,6597.549805
05-07-2018,474.411987,6639.140137
06-07-2018,474.011993,6673.5
07-07-2018,491.660004,6856.930176
08-07-2018,489.118988,6773.879883
09-07-2018,476.682007,6741.75
10-07-2018,434.424011,6329.950195
11-07-2018,446.518005,6394.709961
12-07-2018,430.074005,6228.810059
13-07-2018,434.027008,6238.049805
14-07-2018,436.085999,6276.120117
15-07-2018,449.850006,6359.640137
16-07-2018,480.65799,6741.75
17-07-2018,501.002014,7321.040039
18-07-2018,480.513,7370.779785
19-07-2018,469.618988,7466.859863
20-07-2018,450.697998,7354.129883
21-07-2018,462.436005,7419.290039
22-07-2018,459.657013,7418.490234
23-07-2018,450.852997,7711.109863
24-07-2018,479.372986,8424.269531
25-07-2018,472.493011,8181.390137
26-07-2018,464.036987,7951.580078
27-07-2018,469.665985,8165.009766
28-07-2018,466.89801,8192.150391
29-07-2018,466.665009,8218.459961
30-07-2018,457.080994,8180.47998
31-07-2018,433.867004,7780.439941
01-08-2018,420.747009,7624.910156
02-08-2018,412.621002,7567.149902
03-08-2018,418.261993,7434.390137
04-08-2018,407.252014,7032.850098
05-08-2018,410.515991,7068.47998
06-08-2018,406.65799,6951.799805
07-08-2018,380.214996,6753.120117
08-08-2018,356.613007,6305.799805
09-08-2018,365.588013,6568.22998
10-08-2018,334.175995,6184.709961
11-08-2018,322.112,6295.72998
12-08-2018,319.570007,6322.689941
13-08-2018,286.494995,6297.569824
14-08-2018,278.932007,6199.709961
15-08-2018,282.364014,6308.52002
16-08-2018,288.04599,6334.72998
17-08-2018,315.729004,6580.629883
18-08-2018,295.812012,6423.759766
19-08-2018,300.834015,6506.069824
20-08-2018,274.315002,6308.529785
21-08-2018,281.944,6488.759766
22-08-2018,271.341003,6376.709961
23-08-2018,277.104004,6534.879883
24-08-2018,282.96701,6719.959961
25-08-2018,279.645996,6763.189941
26-08-2018,275.196991,6707.259766
27-08-2018,285.602997,6884.640137
28-08-2018,296.498993,7096.279785
29-08-2018,289.312012,7047.160156
30-08-2018,284.105011,6978.22998
31-08-2018,283.003998,7037.580078
01-09-2018,295.341003,7193.25
02-09-2018,294.371002,7272.720215
03-09-2018,289.259003,7260.060059
04-09-2018,285.722992,7361.660156
05-09-2018,232.330994,6792.830078
06-09-2018,230.214996,6529.169922
07-09-2018,217.203003,6467.069824
08-09-2018,197.951004,6225.97998
09-09-2018,196.923996,6300.859863
10-09-2018,197.078995,6329.700195
11-09-2018,185.065994,6321.200195
12-09-2018,183.330994,6351.799805
13-09-2018,211.354004,6517.310059
14-09-2018,211.748993,6512.709961
15-09-2018,223.074005,6543.200195
16-09-2018,220.589005,6517.180176
17-09-2018,197.875,6281.200195
18-09-2018,209.975006,6371.299805
19-09-2018,209.968994,6398.540039
20-09-2018,224.591003,6519.669922
21-09-2018,246.584,6734.950195
22-09-2018,240.479996,6721.97998
23-09-2018,244.330002,6710.629883
24-09-2018,228.729996,6595.410156
25-09-2018,218.505005,6446.470215
26-09-2018,215.847,6495
27-09-2018,228.494003,6676.75
28-09-2018,222.401993,6644.129883
29-09-2018,231.634995,6601.959961
30-09-2018,232.848007,6625.560059
01-10-2018,230.768005,6589.620117
02-10-2018,227.181,6556.100098
03-10-2018,220.488998,6502.589844
04-10-2018,222.218002,6576.689941
05-10-2018,227.600998,6622.47998
06-10-2018,225.119995,6588.310059
07-10-2018,226.119003,6602.950195
08-10-2018,229.255005,6652.22998
09-10-2018,227.981995,6642.640137
10-10-2018,225.768997,6585.529785
11-10-2018,189.498993,6256.240234
12-10-2018,196.727005,6274.580078
13-10-2018,199.841003,6285.990234
14-10-2018,195.714996,6290.930176
15-10-2018,209.703995,6596.540039
16-10-2018,210.119995,6596.109863
17-10-2018,207.082993,6544.430176
18-10-2018,203.352005,6476.709961
19-10-2018,203.727005,6465.410156
20-10-2018,205.429993,6489.189941
21-10-2018,205.141998,6482.350098
22-10-2018,204.044006,6487.160156
23-10-2018,204.335999,6475.740234
24-10-2018,203.852005,6495.839844
25-10-2018,202.718994,6476.290039
26-10-2018,203.328995,6474.75
27-10-2018,204.210007,6480.379883
28-10-2018,205.365997,6486.390137
29-10-2018,197.246994,6332.629883
30-10-2018,197.556,6334.27002
31-10-2018,197.380997,6317.609863
01-11-2018,198.871994,6377.779785
02-11-2018,200.634995,6388.439941
03-11-2018,200.186005,6361.259766
04-11-2018,207.485992,6376.129883
05-11-2018,209.091003,6419.660156
06-11-2018,218.451996,6461.009766
07-11-2018,217.182999,6530.140137
08-11-2018,212.231003,6453.720215
09-11-2018,210.074005,6385.620117
10-11-2018,212.533005,6409.220215
11-11-2018,211.339996,6411.27002
12-11-2018,210.417999,6371.27002
13-11-2018,206.826004,6359.490234
14-11-2018,181.397003,5738.350098
15-11-2018,180.806,5648.029785
16-11-2018,175.177002,5575.549805
17-11-2018,174.001007,5554.330078
18-11-2018,177.067001,5623.540039
19-11-2018,149.175003,4871.490234
20-11-2018,130.339005,4451.870117
21-11-2018,136.701004,4602.169922
22-11-2018,126.706001,4365.939941
23-11-2018,123.295998,4347.109863
24-11-2018,113.494003,3880.76001
25-11-2018,116.449997,4009.969971
26-11-2018,108.334999,3779.129883
27-11-2018,110.010002,3820.719971
28-11-2018,122.438004,4257.419922
29-11-2018,117.542648,4278.84668
30-11-2018,113.171417,4017.268555
01-12-2018,118.635559,4214.671875
02-12-2018,116.388901,4139.87793
03-12-2018,108.925018,3894.130859
04-12-2018,110.214188,3956.893799
05-12-2018,102.475555,3753.994873
06-12-2018,91.761055,3521.101807
07-12-2018,93.294563,3419.937256
08-12-2018,92.159637,3476.114746
09-12-2018,95.142059,3614.234375
10-12-2018,91.685654,3502.656006
11-12-2018,88.945305,3424.588135
12-12-2018,90.5933,3486.950195
13-12-2018,86.539314,3313.677246
14-12-2018,84.308296,3242.484863
15-12-2018,84.440811,3236.761719
16-12-2018,85.2621,3252.839111
17-12-2018,95.133827,3545.864746
18-12-2018,101.112457,3696.059082
19-12-2018,101.268578,3745.950684
20-12-2018,116.216873,4134.441406
21-12-2018,109.496231,3896.543701
22-12-2018,116.759499,4014.182617
23-12-2018,130.765259,3998.980225
24-12-2018,140.238007,4078.599121
25-12-2018,129.844345,3815.490723
26-12-2018,131.865631,3857.297607
27-12-2018,116.575912,3654.833496
28-12-2018,137.647018,3923.918701
29-12-2018,138.018341,3820.408691
30-12-2018,139.859451,3865.952637
31-12-2018,133.368256,3742.700439
01-01-2019,140.819412,3843.52002
02-01-2019,155.047684,3943.409424
03-01-2019,149.13501,3836.741211
04-01-2019,154.58194,3857.717529
05-01-2019,155.638596,3845.19458
06-01-2019,157.746201,4076.632568
07-01-2019,151.699219,4025.248291
08-01-2019,150.359634,4030.8479
09-01-2019,150.803116,4035.296387
10-01-2019,128.625183,3678.924561
11-01-2019,127.548325,3687.365479
12-01-2019,125.96653,3661.301025
13-01-2019,116.897804,3552.953125
14-01-2019,129.068726,3706.052246
15-01-2019,122.032715,3630.675293
16-01-2019,123.547066,3655.006836
17-01-2019,123.74192,3678.563965
18-01-2019,121.010262,3657.839355
19-01-2019,124.51902,3728.568359
20-01-2019,119.474831,3601.013672
21-01-2019,117.157852,3576.032471
22-01-2019,118.747551,3604.577148
23-01-2019,117.452606,3585.123047
24-01-2019,117.362885,3600.865479
25-01-2019,116.378342,3599.765869
26-01-2019,116.488739,3602.460449
27-01-2019,113.405289,3583.96582
28-01-2019,106.589973,3470.450439
29-01-2019,105.598213,3448.116943
30-01-2019,108.907539,3486.181641
31-01-2019,107.061012,3457.792725
01-02-2019,107.609787,3487.945313
02-02-2019,110.43026,3521.060791
03-02-2019,107.492668,3464.013428
04-02-2019,107.821602,3459.154053
05-02-2019,107.44352,3466.357422
06-02-2019,104.919289,3413.767822
07-02-2019,104.535301,3399.47168
08-02-2019,119.267746,3666.780273
09-02-2019,119.430885,3671.203613
10-02-2019,124.806488,3690.188232
11-02-2019,121.298393,3648.430664
12-02-2019,122.572289,3653.528564
13-02-2019,122.553604,3632.070557
14-02-2019,121.390205,3616.880859
15-02-2019,122.100388,3620.810791
16-02-2019,123.260216,3629.787598
17-02-2019,133.598877,3673.836182
18-02-2019,146.098373,3915.714355
19-02-2019,145.346191,3947.094482
20-02-2019,149.554337,3999.820557
21-02-2019,146.130844,3954.118164
22-02-2019,149.092453,4005.526611
23-02-2019,158.795425,4142.526855
24-02-2019,135.852661,3810.42749
25-02-2019,139.822861,3882.696289
26-02-2019,138.089676,3854.35791
27-02-2019,136.125961,3851.047363
28-02-2019,136.746246,3854.7854
01-03-2019,136.443619,3859.58374
02-03-2019,134.206955,3864.415039
03-03-2019,132.24942,3847.175781
04-03-2019,127.774124,3761.557129
05-03-2019,137.822388,3896.375
06-03-2019,138.789352,3903.942627
07-03-2019,138.0345,3911.484375
08-03-2019,135.127075,3901.131592
09-03-2019,137.965332,3963.313721
10-03-2019,136.758682,3951.599854
11-03-2019,133.83403,3905.227295
12-03-2019,134.442886,3909.15625
13-03-2019,133.263077,3906.717285
14-03-2019,133.711594,3924.369141
15-03-2019,137.691788,3960.911133
16-03-2019,142.398178,4048.72583
17-03-2019,140.000549,4025.229004
18-03-2019,139.374603,4032.507324
19-03-2019,140.519196,4071.190186
20-03-2019,140.686356,4087.476318
21-03-2019,136.636063,4029.326904
22-03-2019,137.181442,4023.968262
23-03-2019,138.239868,4035.826416
24-03-2019,136.986923,4022.168213
25-03-2019,135.031021,3963.070557
26-03-2019,135.460358,3985.080811
27-03-2019,140.988159,4087.066162
28-03-2019,139.416473,4069.107178
29-03-2019,142.497421,4098.374512
30-03-2019,142.092682,4106.660156
31-03-2019,141.514099,4105.404297
01-04-2019,141.830322,4158.183105
02-04-2019,163.961746,4879.87793
03-04-2019,161.458801,4973.021973
04-04-2019,158.052536,4922.798828
05-04-2019,165.514847,5036.681152
06-04-2019,165.947205,5059.817383
07-04-2019,174.531647,5198.896973
08-04-2019,180.25882,5289.770996
09-04-2019,176.114578,5204.958496
10-04-2019,177.337479,5324.551758
11-04-2019,165.497025,5064.487793
12-04-2019,164.736328,5089.539063
13-04-2019,164.513351,5096.586426
14-04-2019,167.838516,5167.722168
15-04-2019,161.574173,5067.108398
16-04-2019,167.623444,5235.55957
17-04-2019,166.95076,5251.937988
18-04-2019,173.814026,5298.385742
19-04-2019,173.708435,5303.8125
20-04-2019,173.751266,5337.88623
21-04-2019,170.046524,5314.53125
22-04-2019,171.874664,5399.365234
23-04-2019,171.4478,5572.362305
24-04-2019,165.826096,5464.866699
25-04-2019,154.459396,5210.515625
26-04-2019,156.347092,5279.348145
27-04-2019,158.434937,5268.291016
28-04-2019,157.295074,5285.13916
29-04-2019,155.201996,5247.352539
30-04-2019,162.166031,5350.726563
01-05-2019,160.818344,5402.697266
02-05-2019,162.122787,5505.283691
03-05-2019,167.952408,5768.289551
04-05-2019,164.026581,5831.16748
05-05-2019,163.450699,5795.708496
06-05-2019,172.653214,5746.807129
07-05-2019,169.79866,5829.501465
08-05-2019,170.948166,5982.45752
09-05-2019,170.289307,6174.528809
10-05-2019,173.142746,6378.849121
11-05-2019,194.304337,7204.771484
12-05-2019,187.325317,6972.371582
13-05-2019,196.846283,7814.915039
14-05-2019,217.148575,7994.416016
15-05-2019,247.153061,8205.167969
16-05-2019,264.01001,7884.90918
17-05-2019,243.764587,7343.895508
18-05-2019,234.59523,7271.208008
19-05-2019,261.292206,8197.689453
20-05-2019,251.86441,7978.309082
21-05-2019,255.215881,7963.327637
22-05-2019,244.698914,7680.066406
23-05-2019,245.965668,7881.84668
24-05-2019,249.484985,7987.371582
25-05-2019,251.759872,8052.543945
26-05-2019,267.069641,8673.21582
27-05-2019,272.86264,8805.77832
28-05-2019,271.768707,8719.961914
29-05-2019,269.455688,8659.487305
30-05-2019,255.858948,8319.472656
31-05-2019,268.113556,8574.501953
01-06-2019,265.391266,8564.016602
02-06-2019,270.225525,8742.958008
03-06-2019,252.607925,8208.995117
04-06-2019,241.338791,7707.770996
05-06-2019,247.05101,7824.231445
06-06-2019,249.474335,7822.023438
07-06-2019,250.930359,8043.951172
08-06-2019,245.738098,7954.12793
09-06-2019,233.0867,7688.077148
10-06-2019,247.520126,8000.32959
11-06-2019,245.78183,7927.714355
12-06-2019,260.90329,8145.857422
13-06-2019,256.168793,8230.923828
14-06-2019,264.087463,8693.833008
15-06-2019,269.019318,8838.375
16-06-2019,269.223206,8994.488281
17-06-2019,274.351105,9320.352539
18-06-2019,265.051849,9081.762695
19-06-2019,269.431793,9273.521484
20-06-2019,271.695007,9527.160156
21-06-2019,294.910278,10144.55664
22-06-2019,309.38031,10701.69141
23-06-2019,307.827789,10855.37109
24-06-2019,310.424683,11011.10254
25-06-2019,318.126312,11790.91699
26-06-2019,336.753174,13016.23145
27-06-2019,294.267639,11182.80664
28-06-2019,311.226105,12407.33203
29-06-2019,320.058899,11959.37109
30-06-2019,290.695984,10817.15527
01-07-2019,293.641113,10583.13477
02-07-2019,291.596436,10801.67773
03-07-2019,303.099976,11961.26953
04-07-2019,284.523224,11215.4375
05-07-2019,287.997528,10978.45996
06-07-2019,287.547119,11208.55078
07-07-2019,305.700562,11450.84668
08-07-2019,313.251404,12285.95801
09-07-2019,308.881012,12573.8125
10-07-2019,290.002319,12156.5127
11-07-2019,268.704041,11358.66211
12-07-2019,276.276703,11815.98633
13-07-2019,269.458801,11392.37891
14-07-2019,227.578064,10256.05859
15-07-2019,229.776001,10895.08984
16-07-2019,199.188675,9477.641602
17-07-2019,211.48497,9693.802734
18-07-2019,226.566162,10666.48242
19-07-2019,221.33342,10530.73242
20-07-2019,229.119217,10767.13965
21-07-2019,225.630768,10599.10547
22-07-2019,217.560013,10343.10645
23-07-2019,212.728516,9900.767578
24-07-2019,217.046371,9811.925781
25-07-2019,219.617996,9911.841797
26-07-2019,219.629608,9870.303711
27-07-2019,207.40831,9477.677734
28-07-2019,211.186554,9552.860352
29-07-2019,211.268051,9519.145508
30-07-2019,210.522598,9607.423828
31-07-2019,218.654144,10085.62793
01-08-2019,217.808441,10399.66895
02-08-2019,217.871567,10518.17481
03-08-2019,222.490341,10821.72656
04-08-2019,222.669724,10970.18457
05-08-2019,234.215027,11805.65332
06-08-2019,226.020645,11478.16895
07-08-2019,226.391006,11941.96875
08-08-2019,220.941864,11966.40723
09-08-2019,210.488907,11862.93652
10-08-2019,206.733536,11354.02441
11-08-2019,216.092865,11523.5791
12-08-2019,211.288071,11382.61621
13-08-2019,208.709045,10895.83008
14-08-2019,186.607742,10051.7041
15-08-2019,188.50206,10311.5459
16-08-2019,185.440079,10374.33887
17-08-2019,185.687683,10231.74414
18-08-2019,194.49353,10345.81055
19-08-2019,203.091934,10916.05371
20-08-2019,196.565414,10763.23242
21-08-2019,186.891632,10138.04981
22-08-2019,191.332916,10131.05566
23-08-2019,194.706207,10407.96484
24-08-2019,191.289566,10159.96094
25-08-2019,186.842392,10138.51758
26-08-2019,188.929382,10370.82031
27-08-2019,187.516663,10185.5
28-08-2019,173.889969,9754.422852
29-08-2019,169.516739,9510.200195
30-08-2019,168.834869,9598.173828
31-08-2019,172.469788,9630.664063
01-09-2019,171.629425,9757.970703
02-09-2019,178.347351,10346.76074
03-09-2019,179.499329,10623.54004
04-09-2019,175.992889,10594.49316
05-09-2019,174.217133,10575.5332
06-09-2019,169.956177,10353.30273
07-09-2019,178.262619,10517.25488
08-09-2019,181.35553,10441.27637
09-09-2019,181.14946,10334.97461
10-09-2019,179.78717,10115.97559
11-09-2019,178.725494,10178.37207
12-09-2019,181.016098,10410.12695
13-09-2019,181.109726,10360.54688
14-09-2019,188.105515,10358.04883
15-09-2019,189.789124,10347.71289
16-09-2019,197.113174,10276.79395
17-09-2019,208.608749,10241.27246
18-09-2019,211.393036,10198.24805
19-09-2019,221.280853,10266.41504
20-09-2019,218.050049,10181.6416
21-09-2019,215.516205,10019.7168
22-09-2019,211.54538,10070.39258
23-09-2019,201.92131,9729.324219
24-09-2019,168.110733,8620.566406
25-09-2019,170.8927,8486.993164
26-09-2019,166.727127,8118.967773
27-09-2019,174.710999,8251.845703
28-09-2019,174.572891,8245.915039
29-09-2019,170.503479,8104.185547
30-09-2019,179.872208,8293.868164
01-10-2019,177.340424,8343.276367
02-10-2019,180.71051,8393.041992
03-10-2019,175.199341,8259.992188
04-10-2019,176.985001,8205.939453
05-10-2019,176.351517,8151.500488
06-10-2019,173.059143,7988.155762
07-10-2019,181.18634,8245.623047
08-10-2019,182.021561,8228.783203
09-10-2019,193.293259,8595.740234
10-10-2019,191.659668,8586.473633
11-10-2019,182.569687,8321.756836
12-10-2019,180.826645,8336.555664
13-10-2019,182.07515,8321.005859
14-10-2019,186.960907,8374.686523
15-10-2019,181.406067,8205.369141
16-10-2019,176.013504,8047.526855
17-10-2019,178.028351,8103.911133
18-10-2019,173.621338,7973.20752
19-10-2019,172.913025,7988.560547
20-10-2019,175.534378,8222.078125
21-10-2019,174.92099,8243.720703
22-10-2019,172.300858,8078.203125
23-10-2019,162.402786,7514.671875
24-10-2019,162.168549,7493.48877
25-10-2019,181.523209,8660.700195
26-10-2019,179.83548,9244.972656
27-10-2019,184.242218,9551.714844
28-10-2019,182.662811,9256.148438
29-10-2019,190.342575,9427.6875
30-10-2019,184.692169,9205.726563
31-10-2019,183.966919,9199.584961
01-11-2019,183.969894,9261.104492
02-11-2019,183.92572,9324.717773
03-11-2019,182.425018,9235.354492
04-11-2019,186.355194,9412.612305
05-11-2019,189.304169,9342.527344
06-11-2019,191.593842,9360.879883
07-11-2019,187.976547,9267.561523
08-11-2019,184.211472,8804.880859
09-11-2019,185.028717,8813.582031
10-11-2019,189.47728,9055.526367
11-11-2019,185.489639,8757.788086
12-11-2019,186.843414,8815.662109
13-11-2019,188.258743,8808.262695
14-11-2019,185.999634,8708.094727
15-11-2019,180.521179,8491.992188
16-11-2019,183.348358,8550.760742
17-11-2019,185.119232,8577.975586
18-11-2019,180.559601,8309.286133
19-11-2019,177.455551,8206.145508
20-11-2019,175.698349,8027.268066
21-11-2019,161.462723,7642.75
22-11-2019,150.268173,7296.577637
23-11-2019,153.417786,7397.796875
24-11-2019,142.834702,7047.916992
25-11-2019,146.476532,7146.133789
26-11-2019,148.965073,7218.371094
27-11-2019,153.010559,7531.663574
28-11-2019,151.717575,7463.105957
29-11-2019,155.304153,7761.243652
30-11-2019,152.539688,7569.629883
01-12-2019,151.18573,7424.29248
02-12-2019,149.059158,7321.988281
03-12-2019,147.956421,7320.145508
04-12-2019,146.747742,7252.034668
05-12-2019,149.248993,7448.307617
06-12-2019,149.194443,7546.996582
07-12-2019,148.768158,7556.237793
08-12-2019,151.264725,7564.345215
09-12-2019,148.225174,7400.899414
10-12-2019,146.267044,7278.119629
11-12-2019,143.608002,7217.427246
12-12-2019,145.604004,7243.134277
13-12-2019,144.944748,7269.68457
14-12-2019,142.869232,7124.673828
15-12-2019,143.11499,7152.301758
16-12-2019,133.614029,6932.480469
17-12-2019,122.603889,6640.515137
18-12-2019,133.092194,7276.802734
19-12-2019,129.321136,7202.844238
20-12-2019,129.066055,7218.816406
21-12-2019,128.130951,7191.158691
22-12-2019,132.372513,7511.588867
23-12-2019,128.61409,7355.628418
24-12-2019,129.063889,7322.532227
25-12-2019,126.454636,7275.155762
26-12-2019,126.361221,7238.966797
27-12-2019,127.214607,7290.088379
28-12-2019,128.322708,7317.990234
29-12-2019,134.75798,7422.652832
30-12-2019,132.633484,7292.995117
31-12-2019,129.610855,7193.599121
01-01-2020,130.802002,7200.174316
02-01-2020,127.410179,6985.470215
03-01-2020,134.171707,7344.884277
04-01-2020,135.069366,7410.656738
05-01-2020,136.276779,7411.317383
06-01-2020,144.304153,7769.219238
07-01-2020,143.543991,8163.692383
08-01-2020,141.258133,8079.862793
09-01-2020,138.979202,7879.071289
10-01-2020,143.963776,8166.554199
11-01-2020,142.927109,8037.537598
12-01-2020,145.873932,8192.494141
13-01-2020,144.226593,8144.194336
14-01-2020,165.955353,8827.764648
15-01-2020,166.230682,8807.010742
16-01-2020,164.391006,8723.786133
17-01-2020,170.779953,8929.038086
18-01-2020,175.365677,8942.808594
19-01-2020,166.969849,8706.245117
20-01-2020,167.120514,8657.642578
21-01-2020,169.697159,8745.894531
22-01-2020,168.294159,8680.875977
23-01-2020,162.928558,8406.515625
24-01-2020,163.051178,8445.43457
25-01-2020,161.283936,8367.847656
26-01-2020,168.077103,8596.830078
27-01-2020,170.930893,8909.819336
28-01-2020,176.370316,9358.589844
29-01-2020,175.050339,9316.629883
30-01-2020,184.690475,9508.993164
31-01-2020,180.160172,9350.529297
01-02-2020,183.67395,9392.875
02-02-2020,188.617538,9344.365234
03-02-2020,189.865067,9293.521484
04-02-2020,189.250595,9180.962891
05-02-2020,204.23024,9613.423828
06-02-2020,212.339081,9729.801758
07-02-2020,222.726059,9795.943359
08-02-2020,223.146515,9865.119141
09-02-2020,228.578568,10116.67383
10-02-2020,223.522705,9856.611328
11-02-2020,235.851196,10208.23633
12-02-2020,265.406128,10326.05469
13-02-2020,268.099243,10214.37988
14-02-2020,284.217499,10312.11621
15-02-2020,264.728577,9889.424805
16-02-2020,259.894714,9934.433594
17-02-2020,266.363434,9690.142578
18-02-2020,281.94458,10141.99609
19-02-2020,259.763977,9633.386719
20-02-2020,257.949463,9608.475586
21-02-2020,265.600616,9686.441406
22-02-2020,262.331726,9663.181641
23-02-2020,273.75415,9924.515625
24-02-2020,265.216431,9650.174805
25-02-2020,247.817596,9341.705078
26-02-2020,225.680267,8820.522461
27-02-2020,226.753387,8784.494141
28-02-2020,226.760498,8672.455078
29-02-2020,219.848511,8599.508789
01-03-2020,218.970596,8562.454102
02-03-2020,230.569778,8869.669922
03-03-2020,224.47963,8787.786133
04-03-2020,224.517975,8755.246094
05-03-2020,229.268188,9078.762695
06-03-2020,243.525299,9122.545898
07-03-2020,237.853088,8909.954102
08-03-2020,200.689056,8108.116211
09-03-2020,201.986328,7923.644531
10-03-2020,200.767242,7909.729492
11-03-2020,194.86853,7911.430176
12-03-2020,112.347122,4970.788086
13-03-2020,133.201813,5563.707031
14-03-2020,123.306023,5200.366211
15-03-2020,125.214302,5392.314941
16-03-2020,110.605873,5014.47998
17-03-2020,113.942749,5225.629395
18-03-2020,114.84227,5238.438477
19-03-2020,136.593857,6191.192871
20-03-2020,132.737167,6198.77832
21-03-2020,132.81871,6185.066406
22-03-2020,123.321152,5830.254883
23-03-2020,134.911606,6416.314941
24-03-2020,138.761444,6734.803711
25-03-2020,136.195892,6681.062988
26-03-2020,138.361557,6716.44043
27-03-2020,133.937943,6469.79834
28-03-2020,130.986496,6242.193848
29-03-2020,125.583733,5922.042969
30-03-2020,132.904541,6429.841797
31-03-2020,133.593567,6438.644531
01-04-2020,135.634552,6606.776367
02-04-2020,142.029144,6793.624512
03-04-2020,142.091309,6733.387207
04-04-2020,145.219391,6867.527344
05-04-2020,143.546646,6791.129395
06-04-2020,169.13588,7271.78125
07-04-2020,165.101944,7176.414551
08-04-2020,172.641739,7334.098633
09-04-2020,170.807144,7302.089355
10-04-2020,158.412445,6865.493164
11-04-2020,158.216019,6859.083008
12-04-2020,161.142426,6971.091797
13-04-2020,156.279556,6845.037598
14-04-2020,157.59639,6842.427734
15-04-2020,153.286896,6642.109863
16-04-2020,172.157379,7116.804199
17-04-2020,171.63858,7096.18457
18-04-2020,186.914001,7257.665039
19-04-2020,181.61496,7189.424805
20-04-2020,172.297165,6881.958496
21-04-2020,172.737701,6880.323242
22-04-2020,182.599579,7117.20752
23-04-2020,185.028671,7429.724609
24-04-2020,189.236938,7550.900879
25-04-2020,195.515305,7569.936035
26-04-2020,197.317535,7679.867188
27-04-2020,197.224716,7795.601074
28-04-2020,198.41539,7807.058594
29-04-2020,216.968231,8801.038086
30-04-2020,207.602051,8658.553711
01-05-2020,214.219101,8864.766602
02-05-2020,215.325378,8988.59668
03-05-2020,210.933151,8897.46875
04-05-2020,208.174011,8912.654297
05-05-2020,206.774399,9003.070313
06-05-2020,204.055786,9268.761719
07-05-2020,212.289413,9951.518555
08-05-2020,212.991577,9842.666016
09-05-2020,211.600128,9593.896484
10-05-2020,188.599564,8756.430664
11-05-2020,185.912842,8601.795898
12-05-2020,189.3125,8804.477539
13-05-2020,199.193283,9269.987305
14-05-2020,202.949097,9733.72168
15-05-2020,195.622665,9328.197266
16-05-2020,200.677124,9377.013672
17-05-2020,207.158691,9670.739258
18-05-2020,214.525055,9726.575195
19-05-2020,213.451111,9729.038086
20-05-2020,210.096741,9522.981445
21-05-2020,199.883606,9081.761719
22-05-2020,207.169189,9182.577148
23-05-2020,208.694397,9209.287109
24-05-2020,202.370346,8790.368164
25-05-2020,205.319748,8906.93457
26-05-2020,201.902313,8835.052734
27-05-2020,208.863434,9181.017578
28-05-2020,219.840424,9525.750977
29-05-2020,220.675125,9439.124023
30-05-2020,242.345596,9700.414063
31-05-2020,230.975708,9461.058594
01-06-2020,246.99176,10167.26856
02-06-2020,237.219055,9529.803711
03-06-2020,244.179321,9656.717773
04-06-2020,244.426392,9800.636719
05-06-2020,241.221985,9665.533203
06-06-2020,241.93132,9653.679688
07-06-2020,245.167252,9758.852539
08-06-2020,246.309906,9771.489258
09-06-2020,244.911453,9795.700195
10-06-2020,247.444946,9870.094727
11-06-2020,231.702667,9321.78125
12-06-2020,237.49321,9480.84375
13-06-2020,238.908844,9475.277344
14-06-2020,234.1147,9386.788086
15-06-2020,229.928909,9450.702148
16-06-2020,234.416168,9538.024414
17-06-2020,233.028275,9480.254883
18-06-2020,232.101166,9411.84082
19-06-2020,227.13829,9288.018555
20-06-2020,229.274261,9332.34082
21-06-2020,228.989822,9303.629883
22-06-2020,242.533188,9648.717773
23-06-2020,244.142151,9629.658203
24-06-2020,235.772461,9313.610352
25-06-2020,232.944489,9264.813477
26-06-2020,229.668045,9162.917969
27-06-2020,222.959793,9045.390625
28-06-2020,225.347168,9143.582031
29-06-2020,228.19487,9190.854492
30-06-2020,226.315002,9137.993164
01-07-2020,231.113419,9228.325195
02-07-2020,229.392197,9123.410156
03-07-2020,225.38707,9087.303711
04-07-2020,229.074112,9132.488281
05-07-2020,227.664597,9073.942383
06-07-2020,241.510223,9375.474609
07-07-2020,239.075531,9252.277344
08-07-2020,246.670013,9428.333008
09-07-2020,243.015961,9277.967773
10-07-2020,240.984985,9278.807617
11-07-2020,239.458176,9240.34668
12-07-2020,242.131699,9276.5
13-07-2020,239.604584,9243.614258
14-07-2020,240.211487,9243.213867
15-07-2020,238.423523,9192.836914
16-07-2020,233.640884,9132.227539
17-07-2020,232.773087,9151.392578
18-07-2020,235.48381,9159.040039
19-07-2020,238.487518,9185.817383
20-07-2020,236.153168,9164.231445
21-07-2020,245.016724,9374.887695
22-07-2020,262.190643,9525.363281
23-07-2020,274.689056,9581.072266
24-07-2020,279.215424,9536.892578
25-07-2020,304.056763,9677.113281
26-07-2020,309.643616,9905.166992
27-07-2020,321.514099,10990.87305
28-07-2020,316.657257,10912.82324
29-07-2020,318.190887,11100.46777
30-07-2020,334.586639,11111.21387
31-07-2020,345.554657,11323.4668
01-08-2020,385.199707,11759.59277
02-08-2020,370.671722,11053.61426
03-08-2020,386.295166,11246.34863
04-08-2020,389.875488,11205.89258
05-08-2020,401.590576,11747.02246
06-08-2020,394.961945,11779.77344
07-08-2020,379.512848,11601.47266
08-08-2020,393.987366,11754.0459
09-08-2020,391.120453,11675.73926
10-08-2020,395.887573,11878.11133
11-08-2020,380.384064,11410.52539
12-08-2020,391.02417,11584.93457
13-08-2020,428.741791,11784.1377
14-08-2020,437.397827,11768.87109
15-08-2020,433.354919,11865.69824
16-08-2020,433.786621,11892.80371
17-08-2020,429.53125,12254.40234
18-08-2020,423.669312,11991.2334
19-08-2020,406.463776,11758.2832
20-08-2020,416.439789,11878.37207
21-08-2020,389.126343,11592.48926
22-08-2020,395.835144,11681.8252
23-08-2020,391.384491,11664.84766
24-08-2020,408.144196,11774.5957
25-08-2020,384.001038,11366.13477
26-08-2020,386.466125,11488.36328
27-08-2020,382.632629,11323.39746
28-08-2020,395.874664,11542.5
29-08-2020,399.921478,11506.86523
30-08-2020,428.395721,11711.50586
31-08-2020,435.079742,11680.82031
01-09-2020,477.05191,11970.47852
02-09-2020,440.040497,11414.03418
03-09-2020,385.671936,10245.29688
04-09-2020,388.24115,10511.81348
05-09-2020,335.260071,10169.56738
06-09-2020,353.362274,10280.35156
07-09-2020,352.673492,10369.56348
08-09-2020,337.602112,10131.5166
09-09-2020,351.110016,10242.34766
10-09-2020,368.101898,10363.13867
11-09-2020,374.695587,10400.91504
12-09-2020,387.183105,10442.1709
13-09-2020,365.570007,10323.75586
14-09-2020,377.26886,10680.83789
15-09-2020,364.839203,10796.95117
16-09-2020,365.812286,10974.90527
17-09-2020,389.019226,10948.99023
18-09-2020,384.364532,10944.58594
19-09-2020,385.544373,11094.34668
20-09-2020,371.052826,10938.27148
21-09-2020,341.786072,10462.25977
22-09-2020,344.503174,10538.45996
23-09-2020,321.116302,10246.18652
24-09-2020,349.355591,10760.06641
25-09-2020,352.183258,10692.7168
26-09-2020,355.488098,10750.72363
27-09-2020,357.438507,10775.26953
28-09-2020,355.159424,10709.65234
29-09-2020,359.757385,10844.64063
30-09-2020,359.937866,10784.49121
01-10-2020,353.205902,10619.45215
02-10-2020,346.238922,10575.97461
03-10-2020,346.522095,10549.3291
04-10-2020,352.57901,10669.58301
05-10-2020,353.956787,10793.33984
06-10-2020,340.815857,10604.40625
07-10-2020,341.808655,10668.96875
08-10-2020,350.766144,10915.68555
09-10-2020,365.590485,11064.45801
10-10-2020,370.96759,11296.36133
11-10-2020,375.142059,11384.18164
12-10-2020,387.731262,11555.36328
13-10-2020,381.190765,11425.89941
14-10-2020,379.484039,11429.50684
15-10-2020,377.441833,11495.34961
16-10-2020,366.229004,11322.12305
17-10-2020,368.855927,11358.10156
18-10-2020,378.213684,11483.35938
19-10-2020,379.935608,11742.03711
20-10-2020,369.136902,11916.33496
21-10-2020,392.189972,12823.68945
22-10-2020,413.77298,12965.8916
23-10-2020,409.766693,12931.53906
24-10-2020,412.457611,13108.0625
25-10-2020,406.217773,13031.17383
26-10-2020,393.888306,13075.24805
27-10-2020,403.99704,13654.21875
28-10-2020,388.650757,13271.28516
29-10-2020,386.730103,13437.88281
30-10-2020,382.819977,13546.52246
31-10-2020,386.590332,13780.99512
01-11-2020,396.358185,13737.10938
02-11-2020,383.156738,13550.48926
03-11-2020,387.602173,13950.30078
04-11-2020,402.141998,14133.70703
05-11-2020,414.067352,15579.84863
06-11-2020,454.719299,15565.88086
07-11-2020,435.713135,14833.75391
08-11-2020,453.554779,15479.56738
09-11-2020,444.163055,15332.31543
10-11-2020,449.679626,15290.90234
11-11-2020,462.960541,15701.33984
12-11-2020,461.00528,16276.34375
13-11-2020,474.626434,16317.80859
14-11-2020,460.149841,16068.13867
15-11-2020,447.559082,15955.58789
16-11-2020,459.940308,16716.11133
17-11-2020,480.360077,17645.40625
18-11-2020,479.48407,17804.00586
19-11-2020,471.630432,17817.08984
20-11-2020,509.744568,18621.31445
21-11-2020,549.486633,18642.23242
22-11-2020,558.068115,18370.00195
23-11-2020,608.454041,18364.12109
24-11-2020,603.897766,19107.46484
25-11-2020,570.686646,18732.12109
26-11-2020,518.801147,17150.62305
27-11-2020,517.493713,17108.40234
28-11-2020,538.229797,17717.41406
29-11-2020,575.758057,18177.48438
30-11-2020,614.842529,19625.83594
01-12-2020,587.324158,18802.99805
02-12-2020,598.352356,19201.0918
03-12-2020,616.70874,19445.39844
04-12-2020,569.354187,18699.76563
05-12-2020,596.595459,19154.23047
06-12-2020,601.908997,19345.12109
07-12-2020,591.843384,19191.63086
08-12-2020,554.827759,18321.14453
09-12-2020,573.479126,18553.91602
10-12-2020,559.678528,18264.99219
11-12-2020,545.797363,18058.9043
12-12-2020,568.567322,18803.65625
13-12-2020,589.663208,19142.38281
14-12-2020,586.011169,19246.64453
15-12-2020,589.355591,19417.07617
16-12-2020,636.181824,21310.59766
17-12-2020,642.868958,22805.16211
18-12-2020,654.811951,23137.96094
19-12-2020,659.297913,23869.83203
20-12-2020,638.290833,23477.29492
21-12-2020,609.817871,22803.08203
22-12-2020,634.854187,23783.0293
23-12-2020,583.7146,23241.3457
24-12-2020,611.607178,23735.94922
25-12-2020,626.410706,24664.79102
26-12-2020,635.835815,26437.03711
27-12-2020,682.642334,26272.29492
28-12-2020,730.397339,27084.80859
29-12-2020,731.520142,27362.4375
30-12-2020,751.618958,28840.95313
31-12-2020,737.803406,29001.7207
01-01-2021,730.367554,29374.15234
02-01-2021,774.534973,32127.26758
03-01-2021,975.50769,32782.02344
04-01-2021,1040.233032,31971.91406
05-01-2021,1100.006104,33992.42969
06-01-2021,1207.112183,36824.36328
07-01-2021,1225.678101,39371.04297
08-01-2021,1224.197144,40797.60938
09-01-2021,1281.077271,40254.54688
10-01-2021,1262.246704,38356.44141
11-01-2021,1090.145386,35566.65625
12-01-2021,1043.43457,33922.96094
13-01-2021,1130.73938,37316.35938
14-01-2021,1218.453003,39187.32813
15-01-2021,1171.834595,36825.36719
16-01-2021,1233.537598,36178.14063
17-01-2021,1230.172241,35791.27734
18-01-2021,1257.279541,36630.07422
19-01-2021,1377.295898,36069.80469
20-01-2021,1382.274048,35547.75
21-01-2021,1121.570923,30825.69922
22-01-2021,1236.512207,33005.76172
23-01-2021,1230.990601,32067.64258
24-01-2021,1391.609375,32289.37891
25-01-2021,1324.414795,32366.39258
26-01-2021,1357.058105,32569.84961
27-01-2021,1253.187134,30432.54688
28-01-2021,1332.492188,33466.09766
29-01-2021,1382.522827,34316.38672
30-01-2021,1376.115479,34269.52344
31-01-2021,1314.986206,33114.35938
01-02-2021,1369.040527,33537.17578
02-02-2021,1515.193726,35510.28906
03-02-2021,1660.909546,37472.08984
04-02-2021,1594.762695,36926.06641
05-02-2021,1718.650879,38144.30859
06-02-2021,1677.846802,39266.01172
07-02-2021,1614.227783,38903.44141
08-02-2021,1746.616821,46196.46484
09-02-2021,1768.035034,46481.10547
10-02-2021,1744.243408,44918.18359
11-02-2021,1783.797974,47909.33203
12-02-2021,1843.532593,47504.85156
13-02-2021,1814.109863,47105.51563
14-02-2021,1805.084106,48717.28906
15-02-2021,1779.791016,47945.05859
16-02-2021,1781.067505,49199.87109
17-02-2021,1848.458252,52149.00781
18-02-2021,1937.449219,51679.79688
19-02-2021,1960.164795,55888.13281
20-02-2021,1919.534058,56099.51953
21-02-2021,1935.601074,57539.94531
22-02-2021,1781.99292,54207.32031
23-02-2021,1570.203979,48824.42578
24-02-2021,1626.575684,49705.33203
25-02-2021,1475.703735,47093.85156
26-02-2021,1446.033691,46339.76172
27-02-2021,1459.973145,46188.45313
28-02-2021,1416.04895,45137.76953
01-03-2021,1564.707642,49631.24219
02-03-2021,1492.608765,48378.98828
03-03-2021,1575.853149,50538.24219
04-03-2021,1541.914307,48561.16797
05-03-2021,1533.275024,48927.30469
06-03-2021,1654.741577,48912.38281
07-03-2021,1723.153809,51206.69141
08-03-2021,1834.727905,52246.52344
09-03-2021,1868.048828,54824.11719
10-03-2021,1799.16626,56008.55078
11-03-2021,1826.194946,57805.12109
12-03-2021,1772.102417,57332.08984
13-03-2021,1924.685425,61243.08594
14-03-2021,1854.564331,59302.31641
15-03-2021,1791.702271,55907.19922
16-03-2021,1806.971802,56804.90234
17-03-2021,1823.449341,58870.89453
18-03-2021,1782.855103,57858.92188
19-03-2021,1817.624146,58346.65234
20-03-2021,1812.634644,58313.64453
21-03-2021,1788.217041,57523.42188
22-03-2021,1691.333984,54529.14453
23-03-2021,1678.650146,54738.94531
24-03-2021,1593.413452,52774.26563
25-03-2021,1595.359253,51704.16016
26-03-2021,1702.842041,55137.3125
27-03-2021,1716.494629,55973.51172
28-03-2021,1691.355957,55950.74609
29-03-2021,1819.684937,57750.19922
30-03-2021,1846.033691,58917.69141
31-03-2021,1918.362061,58918.83203
01-04-2021,1977.276855,59095.80859
02-04-2021,2143.225586,59384.3125
03-04-2021,2028.422485,57603.89063
04-04-2021,2093.122803,58758.55469
05-04-2021,2107.887207,59057.87891
06-04-2021,2118.378906,58192.35938
07-04-2021,1971.077271,56048.9375
08-04-2021,2088.57373,58323.95313
09-04-2021,2072.108887,58245.00391
10-04-2021,2135.942139,59793.23438
11-04-2021,2157.656982,60204.96484
12-04-2021,2139.353271,59893.45313
13-04-2021,2299.187744,63503.45703
14-04-2021,2435.10498,63109.69531
15-04-2021,2519.116211,63314.01172
16-04-2021,2431.946533,61572.78906
17-04-2021,2344.89502,60683.82031
18-04-2021,2237.136963,56216.18359
19-04-2021,2166.188721,55724.26563
20-04-2021,2330.210938,56473.03125
21-04-2021,2364.751709,53906.08984
22-04-2021,2403.535156,51762.27344
23-04-2021,2363.586182,51093.65234
24-04-2021,2211.625732,50050.86719
25-04-2021,2316.05957,49004.25391
26-04-2021,2534.481689,54021.75391
27-04-2021,2662.865234,55033.11719
28-04-2021,2746.380127,54824.70313
29-04-2021,2756.876953,53555.10938
30-04-2021,2773.207031,57750.17578
01-05-2021,2945.892822,57828.05078
02-05-2021,2952.056152,56631.07813
03-05-2021,3431.086182,57200.29297
04-05-2021,3253.629395,53333.53906
05-05-2021,3522.783203,57424.00781
06-05-2021,3490.880371,56396.51563
07-05-2021,3484.729004,57356.40234
08-05-2021,3902.647705,58803.77734
09-05-2021,3928.844727,58232.31641
10-05-2021,3952.293945,55859.79688
11-05-2021,4168.701172,56704.57422
12-05-2021,3785.848633,49150.53516
13-05-2021,3715.148438,49716.19141
14-05-2021,4079.057373,49880.53516
15-05-2021,3638.12207,46760.1875
16-05-2021,3587.506104,46456.05859
17-05-2021,3282.397705,43537.51172
18-05-2021,3380.070068,42909.40234
19-05-2021,2460.679199,37002.44141
20-05-2021,2784.294189,40782.73828
21-05-2021,2430.621338,37304.69141
22-05-2021,2295.705566,37536.63281
23-05-2021,2109.579834,34770.58203
24-05-2021,2643.591064,38705.98047
25-05-2021,2706.628906,38402.22266
26-05-2021,2888.69873,39294.19922
27-05-2021,2736.488525,38436.96875
28-05-2021,2419.90625,35697.60547
29-05-2021,2279.51416,34616.06641
30-05-2021,2390.30542,35678.12891
31-05-2021,2714.945313,37332.85547
01-06-2021,2633.518311,36684.92578
02-06-2021,2706.125,37575.17969
03-06-2021,2855.126465,39208.76563
04-06-2021,2688.195068,36894.40625
05-06-2021,2630.576904,35551.95703
06-06-2021,2715.092773,35862.37891
07-06-2021,2590.263184,33560.70703
08-06-2021,2517.438721,33472.63281
09-06-2021,2608.26709,37345.12109
10-06-2021,2471.518555,36702.59766
11-06-2021,2353.768799,37334.39844
12-06-2021,2372.484375,35552.51563
13-06-2021,2508.391602,39097.85938
14-06-2021,2537.891113,40218.47656
15-06-2021,2610.936768,40406.26953
16-06-2021,2367.663574,38347.0625
17-06-2021,2372.001953,38053.50391
18-06-2021,2231.733154,35787.24609
19-06-2021,2178.499023,35615.87109
20-06-2021,2246.364502,35698.29688
21-06-2021,1888.44751,31676.69336
22-06-2021,1874.950073,32505.66016
23-06-2021,1989.736328,33723.02734
24-06-2021,1988.456299,34662.4375
25-06-2021,1813.217285,31637.7793
26-06-2021,1829.239258,32186.27734
27-06-2021,1978.894653,34649.64453
28-06-2021,2079.657471,34434.33594
29-06-2021,2160.768311,35867.77734
30-06-2021,2274.547607,35040.83594
01-07-2021,2113.605469,33572.11719
02-07-2021,2150.040283,33897.04688
03-07-2021,2226.114258,34668.54688
04-07-2021,2321.724121,35287.78125
05-07-2021,2198.58252,33746.00391
06-07-2021,2324.679443,34235.19531
07-07-2021,2315.161865,33855.32813
08-07-2021,2120.026367,32877.37109
09-07-2021,2146.692383,33798.01172
10-07-2021,2111.403564,33520.51953
11-07-2021,2139.664795,34240.1875
12-07-2021,2036.721069,33155.84766
13-07-2021,1940.083984,32702.02539
14-07-2021,1994.331299,32822.34766
15-07-2021,1911.175659,31780.73047
16-07-2021,1880.382935,31421.53906
17-07-2021,1898.825195,31533.06836
18-07-2021,1895.552124,31796.81055
19-07-2021,1817.296631,30817.83203
20-07-2021,1787.510742,29807.34766
21-07-2021,1990.970825,32110.69336
22-07-2021,2025.202759,32313.10547
23-07-2021,2124.776611,33581.55078
24-07-2021,2189.21875,34292.44531
25-07-2021,2191.373779,35350.1875
26-07-2021,2233.366699,37337.53516
27-07-2021,2298.333496,39406.94141
28-07-2021,2296.54541,39995.90625
29-07-2021,2380.956787,40008.42188
30-07-2021,2466.961426,42235.54688
31-07-2021,2536.209961,41626.19531
01-08-2021,2561.852051,39974.89453
02-08-2021,2610.15332,39201.94531
03-08-2021,2502.349609,38152.98047
04-08-2021,2724.619873,39747.50391
05-08-2021,2827.328857,40869.55469
06-08-2021,2890.94165,42816.5
07-08-2021,3157.23877,44555.80078
08-08-2021,3013.732666,43798.11719
09-08-2021,3167.856201,46365.40234
10-08-2021,3141.691162,45585.03125
11-08-2021,3164.245117,45593.63672
12-08-2021,3043.414307,44428.28906
13-08-2021,3322.21167,47793.32031
14-08-2021,3265.443359,47096.94531
15-08-2021,3310.50415,47047.00391
16-08-2021,3156.509521,46004.48438
17-08-2021,3014.845947,44695.35938
18-08-2021,3020.089844,44801.1875
19-08-2021,3182.702148,46717.57813
20-08-2021,3286.935303,49339.17578
21-08-2021,3226.083984,48905.49219
22-08-2021,3242.115479,49321.65234
23-08-2021,3319.257324,49546.14844
24-08-2021,3172.456299,47706.11719
25-08-2021,3224.915283,48960.78906
26-08-2021,3100.325439,46942.21875
27-08-2021,3270.60083,49058.66797
28-08-2021,3244.40332,48902.40234
29-08-2021,3227.002686,48829.83203
30-08-2021,3224.374268,47054.98438
31-08-2021,3433.732666,47166.6875
01-09-2021,3834.828125,48847.02734
02-09-2021,3790.98999,49327.72266
03-09-2021,3940.614746,50025.375
04-09-2021,3887.828369,49944.625
05-09-2021,3952.133545,51753.41016
06-09-2021,3928.379395,52633.53516
07-09-2021,3426.394287,46811.12891
08-09-2021,3497.315186,46091.39063
09-09-2021,3427.340088,46391.42188
10-09-2021,3211.505859,44883.91016
11-09-2021,3270.278076,45201.45703
12-09-2021,3410.134521,46063.26953
13-09-2021,3285.511719,44963.07422
14-09-2021,3429.169678,47092.49219
15-09-2021,3615.282715,48176.34766
16-09-2021,3571.294922,47783.35938
17-09-2021,3398.538818,47267.51953
18-09-2021,3432.018311,48278.36328
19-09-2021,3329.447998,47260.21875
20-09-2021,2958.993408,42843.80078
21-09-2021,2764.431152,40693.67578
22-09-2021,3077.86792,43574.50781
23-09-2021,3155.523682,44895.09766
24-09-2021,2931.669189,42839.75
25-09-2021,2925.565674,42716.59375
26-09-2021,3062.265381,43208.53906
27-09-2021,2934.138916,42235.73047
28-09-2021,2807.296631,41034.54297
29-09-2021,2853.143311,41564.36328
30-09-2021,3001.678955,43790.89453
01-10-2021,3307.516113,48116.94141
02-10-2021,3391.694336,47711.48828
03-10-2021,3418.358643,48199.95313
04-10-2021,3380.089111,49112.90234
05-10-2021,3518.518555,51514.8125
06-10-2021,3580.562012,55361.44922
07-10-2021,3587.974854,53805.98438
08-10-2021,3563.759277,53967.84766
09-10-2021,3575.716797,54968.22266
10-10-2021,3425.852783,54771.57813
11-10-2021,3545.354004,57484.78906
12-10-2021,3492.573242,56041.05859
13-10-2021,3606.20166,57401.09766
14-10-2021,3786.01416,57321.52344
15-10-2021,3862.634766,61593.94922
16-10-2021,3830.38208,60892.17969
17-10-2021,3847.104492,61553.61719
18-10-2021,3748.760254,62026.07813
19-10-2021,3877.650879,64261.99219
20-10-2021,4155.992188,65992.83594
21-10-2021,4054.322754,62210.17188
22-10-2021,3970.181885,60692.26563
23-10-2021,4171.663574,61393.61719
24-10-2021,4087.903076,60930.83594
25-10-2021,4217.876953,63039.82422
26-10-2021,4131.102051,60363.79297
27-10-2021,3930.257324,58482.38672
28-10-2021,4287.318848,60622.13672
29-10-2021,4414.746582,62227.96484
30-10-2021,4325.650391,61888.83203
31-10-2021,4288.074219,61318.95703
01-11-2021,4324.626953,61004.40625
02-11-2021,4584.798828,63226.40234
03-11-2021,4607.193848,62970.04688
04-11-2021,4537.324219,61452.23047
05-11-2021,4486.243164,61125.67578
06-11-2021,4521.581055,61527.48047
07-11-2021,4620.554688,63326.98828
08-11-2021,4812.087402,67566.82813
09-11-2021,4735.068848,66971.82813
10-11-2021,4636.174316,64995.23047
11-11-2021,4730.384277,64949.96094
12-11-2021,4667.115234,64155.94141
13-11-2021,4651.460449,64469.52734
14-11-2021,4626.358887,65466.83984
15-11-2021,4557.503906,63557.87109
16-11-2021,4216.365234,60161.24609
17-11-2021,4287.59375,60368.01172
18-11-2021,4000.650879,56942.13672
19-11-2021,4298.306641,58119.57813
20-11-2021,4409.931152,59697.19531
21-11-2021,4269.73291,58730.47656
22-11-2021,4088.457764,56289.28906
23-11-2021,4340.763672,57569.07422
24-11-2021,4239.981445,56280.42578
25-11-2021,4274.743164,57274.67969
26-11-2021,4030.908936,53569.76563
27-11-2021,4096.912109,54815.07813
28-11-2021,4294.453613,57248.45703
29-11-2021,4445.10498,57806.56641
30-11-2021,4631.479004,57005.42578
01-12-2021,4586.990234,57229.82813
02-12-2021,4511.302246,56477.81641
03-12-2021,4220.706055,53598.24609
04-12-2021,4119.587402,49200.70313
05-12-2021,4198.322754,49368.84766
06-12-2021,4358.737305,50582.625
07-12-2021,4315.061523,50700.08594
08-12-2021,4439.35791,50504.79688
09-12-2021,4119.815918,47672.12109
10-12-2021,3908.496094,47243.30469
11-12-2021,4084.452393,49362.50781
12-12-2021,4134.453125,50098.33594
13-12-2021,3784.226807,46737.48047
14-12-2021,3745.44043,46612.63281
15-12-2021,4018.388672,48896.72266
16-12-2021,3962.469727,47665.42578
17-12-2021,3879.486572,46202.14453
18-12-2021,3960.860107,46848.77734
19-12-2021,3922.592529,46707.01563
20-12-2021,3933.844482,46880.27734
21-12-2021,4020.26001,48936.61328
22-12-2021,3982.099609,48628.51172
23-12-2021,4108.015625,50784.53906
24-12-2021,4047.98291,50822.19531
25-12-2021,4093.281006,50429.85938
26-12-2021,4067.328125,50809.51563
27-12-2021,4037.547607,50640.41797
28-12-2021,3800.893066,47588.85547
29-12-2021,3628.531738,46444.71094
30-12-2021,3713.852051,47178.125
31-12-2021,3682.632813,46306.44531
01-01-2022,3769.697021,47686.8125
02-01-2022,3829.564941,47345.21875
03-01-2022,3761.380371,46458.11719
04-01-2022,3794.056641,45897.57422
05-01-2022,3550.386963,43569.00391
06-01-2022,3418.408203,43160.92969
07-01-2022,3193.210449,41557.90234
08-01-2022,3091.972656,41733.94141
09-01-2022,3157.751465,41911.60156
10-01-2022,3083.0979,41821.26172
11-01-2022,3238.111572,42735.85547
12-01-2022,3372.258301,43949.10156
13-01-2022,3248.288574,42591.57031
14-01-2022,3310.001465,43099.69922
15-01-2022,3330.530762,43177.39844
16-01-2022,3350.921875,43113.87891
17-01-2022,3212.304932,42250.55078
18-01-2022,3164.025146,42375.63281
19-01-2022,3095.825928,41744.32813
20-01-2022,3001.120117,40680.41797
21-01-2022,2557.931641,36457.31641
22-01-2022,2405.181152,35030.25
23-01-2022,2535.039063,36276.80469
24-01-2022,2440.352295,36654.32813
25-01-2022,2455.935059,36954.00391
26-01-2022,2468.030273,36852.12109
27-01-2022,2423.001221,37138.23438
28-01-2022,2547.092041,37784.33203
29-01-2022,2597.084717,38138.17969
30-01-2022,2603.466553,37917.60156
31-01-2022,2688.278809,38483.125
01-02-2022,2792.117188,38743.27344
02-02-2022,2682.854004,36952.98438
03-02-2022,2679.162598,37154.60156
04-02-2022,2983.586914,41500.875
05-02-2022,3014.648193,41441.16406
06-02-2022,3057.476074,42412.43359
07-02-2022,3142.470703,43840.28516
08-02-2022,3122.608643,44118.44531
09-02-2022,3239.457031,44338.79688
10-02-2022,3077.482178,43565.11328
11-02-2022,2927.383545,42407.9375
12-02-2022,2917.362793,42244.46875
13-02-2022,2883.463379,42197.51563
14-02-2022,2933.479004,42586.91797
15-02-2022,3179.877197,44575.20313
16-02-2022,3127.830078,43961.85938
17-02-2022,2881.481934,40538.01172
18-02-2022,2785.727539,40030.97656
19-02-2022,2763.701172,40122.15625
20-02-2022,2628.648438,38431.37891
21-02-2022,2573.816162,37075.28125
22-02-2022,2639.299316,38286.02734
23-02-2022,2590.359619,37296.57031
24-02-2022,2598.067139,38332.60938
25-02-2022,2764.535645,39214.21875
26-02-2022,2781.111816,39105.14844
27-02-2022,2621.801758,37709.78516
28-02-2022,2919.201172,43193.23438
01-03-2022,2972.485107,44354.63672
02-03-2022,2950.118408,43924.11719
03-03-2022,2834.468994,42451.78906
04-03-2022,2617.156006,39137.60547
05-03-2022,2664.831055,39400.58594
06-03-2022,2555.037354,38419.98438
07-03-2022,2497.77124,38062.03906
08-03-2022,2576.747559,38737.26953
09-03-2022,2729.783447,41982.92578
10-03-2022,2608.048584,39437.46094
11-03-2022,2559.562988,38794.97266
12-03-2022,2574.75415,38904.01172
13-03-2022,2518.94458,37849.66406
14-03-2022,2590.696045,39666.75391
15-03-2022,2620.149658,39338.78516
16-03-2022,2772.055664,41143.92969
17-03-2022,2814.854492,40951.37891
18-03-2022,2945.343018,41801.15625
19-03-2022,2946.25708,42190.65234
20-03-2022,2860.459229,41247.82422
21-03-2022,2897.976563,41077.99609
22-03-2022,2973.131104,42358.80859
23-03-2022,3031.067139,42892.95703
24-03-2022,3108.062012,43960.93359
25-03-2022,3106.671387,44348.73047
26-03-2022,3143.178955,44500.82813
27-03-2022,3291.577637,46820.49219
28-03-2022,3336.634521,47128.00391
29-03-2022,3401.987793,47465.73047
30-03-2022,3385.157959,47062.66406
31-03-2022,3281.642822,45538.67578
01-04-2022,3449.552246,46281.64453
02-04-2022,3445.059326,45868.94922
03-04-2022,3522.833496,46453.56641
04-04-2022,3521.241211,46622.67578
05-04-2022,3411.79248,45555.99219
06-04-2022,3171.691895,43206.73828
07-04-2022,3233.274658,43503.84766
08-04-2022,3192.073975,42287.66406
09-04-2022,3261.91626,42782.13672
10-04-2022,3211.866943,42207.67188
11-04-2022,2981.052246,39521.90234
12-04-2022,3030.376465,40127.18359
13-04-2022,3118.344238,41166.73047
14-04-2022,3019.909424,39935.51563
15-04-2022,3040.916504,40553.46484
16-04-2022,3062.310303,40424.48438
17-04-2022,2993.40332,39716.95313
18-04-2022,3057.606689,40826.21484
19-04-2022,3104.106445,41502.75
20-04-2022,3077.74585,41374.37891
21-04-2022,2987.480713,40527.36328
22-04-2022,2964.835693,39740.32031
23-04-2022,2938.114014,39486.73047
24-04-2022,2922.732666,39469.29297
25-04-2022,3009.393555,40458.30859
26-04-2022,2808.29834,38117.46094
27-04-2022,2888.929688,39241.12109
28-04-2022,2936.940918,39773.82813
29-04-2022,2815.601807,38609.82422
30-04-2022,2730.186768,37714.875
01-05-2022,2827.756104,38469.09375
02-05-2022,2857.4104,38529.32813
03-05-2022,2783.476318,37750.45313
04-05-2022,2940.644775,39698.37109
05-05-2022,2749.213135,36575.14063
06-05-2022,2694.979736,36040.92188
07-05-2022,2636.093018,35501.95313
08-05-2022,2517.459961,34059.26563
09-05-2022,2245.43042,30296.95313
10-05-2022,2343.510986,31022.90625
11-05-2022,2072.108643,28936.35547
12-05-2022,1961.701538,29047.75195
13-05-2022,2014.418213,29283.10352
14-05-2022,2056.273926,30101.26563
15-05-2022,2145.706787,31305.11328
16-05-2022,2022.725952,29862.91797
17-05-2022,2090.40918,30425.85742
18-05-2022,1916.656128,28720.27148
19-05-2022,2018.336182,30314.33398
20-05-2022,1961.315674,29200.74023
21-05-2022,1974.518311,29432.22656
22-05-2022,2043.170166,30323.72266
23-05-2022,1972.181885,29098.91016
24-05-2022,1978.982788,29655.58594
25-05-2022,1944.827881,29562.36133
26-05-2022,1803.91333,29267.22461
27-05-2022,1724.922852,28627.57422
28-05-2022,1757.941772,28814.90039
29-05-2022,1812.031006,29445.95703
30-05-2022,1996.441284,31726.39063
31-05-2022,1942.328003,31792.31055
01-06-2022,1823.569336,29799.08008
02-06-2022,1834.150513,30467.48828
03-06-2022,1775.078613,29704.39063
04-06-2022,1801.609497,29832.91406
05-06-2022,1805.204956,29906.66211
06-06-2022,1859.289673,31370.67188
07-06-2022,1814.04834,31155.47852
08-06-2022,1793.572266,30214.35547
09-06-2022,1789.82605,30111.99805
10-06-2022,1665.042236,29083.80469
11-06-2022,1529.663452,28360.81055
12-06-2022,1445.216553,26762.64844
13-06-2022,1204.582764,22487.38867
14-06-2022,1211.662842,22206.79297
15-06-2022,1233.206421,22572.83984
16-06-2022,1067.730713,20381.65039
17-06-2022,1086.519287,20471.48242
18-06-2022,993.63678,19017.64258
19-06-2022,1127.656494,20553.27148
20-06-2022,1127.642456,20599.53711
21-06-2022,1124.824585,20710.59766
22-06-2022,1051.421875,19987.0293
23-06-2022,1143.386719,21085.87695
24-06-2022,1226.844727,21231.65625
25-06-2022,1243.446899,21502.33789
26-06-2022,1199.831665,21027.29492
27-06-2022,1193.680664,20735.47852
28-06-2022,1144.579224,20280.63477
29-06-2022,1098.943848,20104.02344
30-06-2022,1067.298828,19784.72656
01-07-2022,1059.767334,19269.36719
02-07-2022,1066.512817,19242.25586
03-07-2022,1073.766968,19297.07617
04-07-2022,1151.059082,20231.26172
05-07-2022,1134.541016,20190.11523
06-07-2022,1186.973999,20548.24609
07-07-2022,1237.593384,21637.58789
08-07-2022,1222.506226,21731.11719
09-07-2022,1216.978271,21592.20703
10-07-2022,1168.401611,20860.44922
11-07-2022,1097.236572,19970.55664
12-07-2022,1038.19165,19323.91406
13-07-2022,1113.587158,20212.07422
14-07-2022,1191.526245,20569.91992
15-07-2022,1233.12915,20836.32813
16-07-2022,1352.626465,21190.31641
17-07-2022,1338.635742,20779.34375
18-07-2022,1578.717896,22485.68945
19-07-2022,1542.97522,23389.43359
20-07-2022,1520.200684,23231.73242
21-07-2022,1576.749512,23164.62891
22-07-2022,1537.405151,22714.97852
23-07-2022,1549.297485,22465.47852
24-07-2022,1599.476685,22609.16406
25-07-2022,1445.383423,21361.70117
26-07-2022,1441.806763,21239.75391
27-07-2022,1636.232666,22930.54883
28-07-2022,1725.46814,23843.88672
29-07-2022,1727.406982,23804.63281
30-07-2022,1695.969482,23656.20703
31-07-2022,1681.517334,23336.89648
01-08-2022,1635.195801,23314.19922
02-08-2022,1632.945435,22978.11719
03-08-2022,1618.874512,22846.50781
04-08-2022,1608.205811,22630.95703
05-08-2022,1732.254639,23289.31445
06-08-2022,1691.658081,22961.2793
07-08-2022,1699.35083,23175.89063
08-08-2022,1775.516113,23809.48633
09-08-2022,1703.025024,23164.31836
10-08-2022,1851.742676,23947.64258
11-08-2022,1881.224121,23957.5293
12-08-2022,1957.24646,24402.81836
13-08-2022,1981.336548,24424.06836
14-08-2022,1936.802002,24319.33398
15-08-2022,1904.228149,24136.97266
16-08-2022,1878.139404,23883.29102
17-08-2022,1832.999634,23335.99805
18-08-2022,1847.007813,23212.73828
19-08-2022,1612.987305,20877.55273
20-08-2022,1577.003784,21166.06055
21-08-2022,1619.31897,21534.12109
22-08-2022,1622.505859,21398.9082
23-08-2022,1662.769897,21528.08789
24-08-2022,1657.059204,21395.01953
25-08-2022,1696.457031,21600.9043
26-08-2022,1507.782837,20260.01953
27-08-2022,1491.39502,20041.73828
28-08-2022,1430.547363,19616.81445
29-08-2022,1553.037354,20297.99414
30-08-2022,1523.838867,19796.80859
31-08-2022,1553.684937,20049.76367
01-09-2022,1586.176758,20127.14063
02-09-2022,1577.220459,19969.77148
03-09-2022,1556.872681,19832.08789
04-09-2022,1577.641602,19986.71289
05-09-2022,1617.183228,19812.37109
06-09-2022,1561.748535,18837.66797
07-09-2022,1629.906372,19290.32422
08-09-2022,1635.347656,19329.83398
09-09-2022,1719.085449,21381.15234
10-09-2022,1776.203735,21680.53906
11-09-2022,1761.800049,21769.25586
12-09-2022,1713.765259,22370.44922
13-09-2022,1580.787964,20296.70703
14-09-2022,1634.755005,20241.08984
15-09-2022,1471.693481,19701.21094
16-09-2022,1432.447754,19772.58398
17-09-2022,1469.741699,20127.57617
18-09-2022,1335.329102,19419.50586
19-09-2022,1377.541382,19544.12891
20-09-2022,1324.388184,18890.78906
21-09-2022,1252.607788,18547.40039
22-09-2022,1327.680176,19413.55078
23-09-2022,1328.259521,19297.63867
24-09-2022,1317.993286,18937.01172
25-09-2022,1294.216797,18802.09766
26-09-2022,1335.32019,19222.67188
27-09-2022,1330.127686,19110.54688
28-09-2022,1337.410889,19426.7207
29-09-2022,1335.652344,19573.05078
30-09-2022,1327.978638,19431.78906
01-10-2022,1311.644409,19312.0957
02-10-2022,1276.093506,19044.10742
03-10-2022,1323.439209,19623.58008
04-10-2022,1362.126587,20336.84375
05-10-2022,1352.837158,20160.7168
06-10-2022,1351.709473,19955.44336
07-10-2022,1332.516968,19546.84961
08-10-2022,1315.500488,19416.56836
09-10-2022,1322.604248,19446.42578
10-10-2022,1291.337646,19141.48438
11-10-2022,1279.575684,19051.41797
12-10-2022,1294.906372,19157.44531
13-10-2022,1288.123901,19382.9043
14-10-2022,1297.422119,19185.65625
15-10-2022,1274.871704,19067.63477
16-10-2022,1306.296631,19268.09375
17-10-2022,1331.713623,19550.75781
18-10-2022,1310.447021,19334.41602
19-10-2022,1285.744263,19139.53516
20-10-2022,1283.200928,19053.74023
21-10-2022,1299.946411,19172.46875
22-10-2022,1314.299194,19208.18945
23-10-2022,1363.447021,19567.00781
24-10-2022,1344.998535,19345.57227
25-10-2022,1461.665405,20095.85742
26-10-2022,1566.56665,20770.44141
27-10-2022,1514.374878,20285.83594
28-10-2022,1555.477905,20595.35156
29-10-2022,1619.698486,20818.47656
30-10-2022,1590.783325,20635.60352
31-10-2022,1572.714478,20495.77344
01-11-2022,1579.70459,20485.27344
02-11-2022,1519.711792,20159.50391
03-11-2022,1531.541748,20209.98828
04-11-2022,1645.093384,21147.23047
05-11-2022,1627.968018,21282.69141
06-11-2022,1572.234741,20926.48633
07-11-2022,1568.591309,20602.81641
08-11-2022,1332.835571,18541.27148
09-11-2022,1100.1698,15880.78027
10-11-2022,1299.4646,17586.77148
11-11-2022,1287.221069,17034.29297
12-11-2022,1255.268311,16799.18555
13-11-2022,1221.819214,16353.36523
14-11-2022,1241.604248,16618.19922
15-11-2022,1251.736206,16884.61328
16-11-2022,1215.602539,16669.43945
17-11-2022,1200.808594,16687.51758
18-11-2022,1212.300293,16697.77734
19-11-2022,1218.426758,16711.54688
20-11-2022,1142.466675,16291.83203
21-11-2022,1108.353027,15787.28418
22-11-2022,1135.173462,16189.76953
23-11-2022,1183.199585,16610.70703
24-11-2022,1203.983154,16604.46484
25-11-2022,1198.925903,16521.8418
26-11-2022,1205.897949,16464.28125
27-11-2022,1195.126953,16444.62695
28-11-2022,1170.086182,16217.32227
29-11-2022,1216.901245,16444.98242
30-11-2022,1295.688599,17168.56641
01-12-2022,1276.273926,16967.13281
02-12-2022,1294.303345,17088.66016
03-12-2022,1243.334839,16908.23633
04-12-2022,1280.256592,17130.48633
05-12-2022,1259.676758,16974.82617
06-12-2022,1271.653809,17089.50391
07-12-2022,1232.4375,16848.12695
08-12-2022,1281.116333,17233.47461
09-12-2022,1264.28479,17133.15234
10-12-2022,1266.384155,17128.72461
11-12-2022,1263.86853,17104.19336
12-12-2022,1274.619019,17206.4375
13-12-2022,1320.549194,17781.31836
14-12-2022,1309.328735,17815.65039
15-12-2022,1266.353882,17364.86523
16-12-2022,1168.259399,16647.48438
17-12-2022,1188.149536,16795.0918
18-12-2022,1184.71521,16757.97656
19-12-2022,1167.609863,16439.67969
20-12-2022,1217.703613,16906.30469
21-12-2022,1213.599976,16817.53516
22-12-2022,1218.182129,16830.3418
23-12-2022,1220.159424,16796.95313
24-12-2022,1221.14856,16847.75586
25-12-2022,1218.962036,16841.98633
26-12-2022,1226.974365,16919.80469
27-12-2022,1212.791626,16717.17383
28-12-2022,1189.986084,16552.57227
29-12-2022,1201.595337,16642.3418
30-12-2022,1199.232788,16602.58594
31-12-2022,1196.77124,16547.49609
01-01-2023,1200.964844,16625.08008
02-01-2023,1214.656616,16688.4707
03-01-2023,1214.778809,16679.85742
04-01-2023,1256.526611,16863.23828
05-01-2023,1250.438599,16836.73633
06-01-2023,1269.379028,16951.96875
07-01-2023,1264.270386,16955.07813
08-01-2023,1287.359497,17091.14453
09-01-2023,1321.53894,17196.55469
10-01-2023,1336.58606,17446.29297
11-01-2023,1387.932739,17934.89648
12-01-2023,1417.938477,18869.58789
13-01-2023,1451.614868,19909.57422
14-01-2023,1550.706909,20976.29883
15-01-2023,1552.479492,20880.79883
16-01-2023,1576.833496,21169.63281
17-01-2023,1567.846069,21161.51953
18-01-2023,1515.506958,20688.78125
19-01-2023,1552.556519,21086.79297
20-01-2023,1659.75415,22676.55273
21-01-2023,1627.118164,22777.625
22-01-2023,1628.38208,22720.41602
23-01-2023,1628.251099,22934.43164
24-01-2023,1556.604248,22636.46875
25-01-2023,1611.71106,23117.85938
26-01-2023,1603.105957,23032.77734
27-01-2023,1598.156494,23078.72852
28-01-2023,1572.435059,23031.08984
29-01-2023,1646.15564,23774.56641
30-01-2023,1567.326538,22840.13867
31-01-2023,1586.5354,23139.2832
01-02-2023,1641.792725,23723.76953
02-02-2023,1643.241577,23471.87109
03-02-2023,1664.745605,23449.32227
04-02-2023,1667.059204,23331.84766
05-02-2023,1631.645874,22955.66602
06-02-2023,1616.24707,22760.10938
07-02-2023,1672.00354,23264.29102
08-02-2023,1650.716797,22939.39844
09-02-2023,1546.438232,21819.03906
10-02-2023,1514.869141,21651.18359
11-02-2023,1539.926758,21870.875
12-02-2023,1515.033691,21788.20313
13-02-2023,1507.165894,21808.10156
14-02-2023,1556.875122,22220.80469
15-02-2023,1673.745972,24307.8418
16-02-2023,1640.067627,23623.47461
17-02-2023,1694.783325,24565.60156
18-02-2023,1691.819458,24641.27734
19-02-2023,1681.436157,24327.64258
20-02-2023,1702.675171,24829.14844
21-02-2023,1658.036377,24436.35352
22-02-2023,1643.231689,24188.84375
23-02-2023,1651.073853,23947.49219
24-02-2023,1608.373169,23198.12695
25-02-2023,1594.914917,23175.375
26-02-2023,1640.817139,23561.21289
27-02-2023,1634.326416,23522.87109
28-02-2023,1605.895142,23147.35352
01-03-2023,1663.433716,23646.55078
02-03-2023,1647.319336,23475.4668
03-03-2023,1569.167603,22362.67969
04-03-2023,1566.92395,22353.34961
05-03-2023,1564.46875,22435.51367
06-03-2023,1567.398682,22429.75781
07-03-2023,1561.933105,22219.76953
08-03-2023,1534.088257,21718.08008
09-03-2023,1438.660767,20363.02148
10-03-2023,1429.158081,20187.24414
11-03-2023,1482.616699,20632.41016
12-03-2023,1590.292969,22163.94922
13-03-2023,1680.30896,24197.5332
14-03-2023,1703.50708,24746.07422
15-03-2023,1656.180542,24375.96094
16-03-2023,1677.215454,25052.78906
17-03-2023,1792.485107,27423.92969
18-03-2023,1761.659668,26965.87891
19-03-2023,1785.576538,28038.67578
20-03-2023,1735.321289,27767.23633
21-03-2023,1806.760742,28175.81641
22-03-2023,1737.717041,27307.4375
23-03-2023,1816.405151,28333.97266
24-03-2023,1752.0448,27493.28516
25-03-2023,1743.764771,27494.70703
26-03-2023,1775.676758,27994.33008
27-03-2023,1715.460815,27139.88867
28-03-2023,1772.785645,27268.13086
29-03-2023,1793.001831,28348.44141
30-03-2023,1792.737183,28033.5625
31-03-2023,1822.022095,28478.48438
01-04-2023,1813.860596,28411.03516
02-04-2023,1795.70813,28199.30859
03-04-2023,1810.297119,27790.2207
04-04-2023,1871.005127,28168.08984
05-04-2023,1909.114014,28177.98438
06-04-2023,1872.922607,28044.14063
07-04-2023,1865.636108,27925.85938
08-04-2023,1849.498169,27947.79492
09-04-2023,1859.387817,28333.05078
10-04-2023,1911.20752,29652.98047
11-04-2023,1892.189697,30235.05859
12-04-2023,1920.682129,30139.05273
13-04-2023,2012.634644,30399.06641
14-04-2023,2101.635498,30485.69922
15-04-2023,2092.466797,30318.49609
16-04-2023,2120.005859,30315.35547
17-04-2023,2076.24292,29445.04492
18-04-2023,2104.537354,30397.55273
19-04-2023,1936.403442,28822.67969
20-04-2023,1943.097656,28245.98828
21-04-2023,1849.999878,27276.91016
22-04-2023,1874.228638,27817.5
23-04-2023,1862.062012,27591.38477
24-04-2023,1842.757446,27525.33984
25-04-2023,1866.753662,28307.59766
26-04-2023,1866.564209,28422.70117
27-04-2023,1908.786377,29473.78711
28-04-2023,1892.512817,29340.26172
29-04-2023,1908.916992,29248.48828
30-04-2023,1876.924316,29268.80664
01-05-2023,1831.954834,28091.56836
02-05-2023,1870.789307,28680.53711
03-05-2023,1904.651855,29006.30859
04-05-2023,1877.704102,28847.71094
05-05-2023,1995.060913,29534.38477
06-05-2023,1900.221802,28904.62305
07-05-2023,1873.076416,28454.97852
08-05-2023,1849.042725,27694.27344
09-05-2023,1848.603149,27658.77539
10-05-2023,1842.401489,27621.75586
11-05-2023,1796.490601,27000.78906
12-05-2023,1808.019775,26804.99023
13-05-2023,1796.114868,26784.07813
14-05-2023,1800.500977,26930.63867
15-05-2023,1817.549927,27192.69336
16-05-2023,1824.12146,27036.65039
17-05-2023,1821.859619,27398.80273
18-05-2023,1801.728516,26832.20898
19-05-2023,1812.589478,26890.12891
20-05-2023,1820.478027,27129.58594
21-05-2023,1804.531372,26753.82617
22-05-2023,1817.53479,26851.27734
23-05-2023,1854.380615,27225.72656
24-05-2023,1800.099976,26334.81836
25-05-2023,1805.953735,26476.20703
26-05-2023,1828.689697,26719.29102
27-05-2023,1831.118286,26868.35352
28-05-2023,1910.914185,28085.64648
29-05-2023,1893.078125,27745.88477
30-05-2023,1901.026611,27702.34961
31-05-2023,1874.130493,27219.6582
01-06-2023,1862.201416,26819.97266
02-06-2023,1907.256592,27249.58984
03-06-2023,1892.412476,27075.12891
04-06-2023,1890.51355,27119.06641
05-06-2023,1811.828369,25760.09766
06-06-2023,1884.494873,27238.7832
07-06-2023,1832.395996,26345.99805
08-06-2023,1846.30188,26508.2168
09-06-2023,1840.22522,26480.375
10-06-2023,1752.384766,25851.24023
11-06-2023,1753.415283,25940.16797
12-06-2023,1742.528687,25902.5
13-06-2023,1739.037598,25918.72852
14-06-2023,1650.519287,25124.67578
15-06-2023,1665.519775,25576.39453
16-06-2023,1716.668823,26327.46289
17-06-2023,1727.204102,26510.67578
18-06-2023,1720.577515,26336.21289
19-06-2023,1737.659424,26851.0293
20-06-2023,1792.119995,28327.48828
21-06-2023,1891.007202,30027.29688
22-06-2023,1872.942993,29912.28125
23-06-2023,1892.862061,30695.46875
24-06-2023,1876.059692,30548.69531
25-06-2023,1900.506104,30480.26172
26-06-2023,1859.432861,30271.13086
27-06-2023,1889.703369,30688.16406
28-06-2023,1827.971191,30086.24609
29-06-2023,1852.227295,30445.35156
30-06-2023,1933.188965,30477.25195
01-07-2023,1924.565918,30590.07813
02-07-2023,1937.438354,30620.76953
03-07-2023,1955.38916,31156.43945
04-07-2023,1936.633545,30777.58203
05-07-2023,1910.588013,30514.16602
06-07-2023,1848.636475,29909.33789
07-07-2023,1870.602539,30342.26563
08-07-2023,1865.539551,30292.54102
09-07-2023,1863.009766,30171.23438
10-07-2023,1880.556396,30414.4707
11-07-2023,1878.33606,30620.95117
12-07-2023,1872.11377,30391.64648
13-07-2023,2006.511475,31476.04883
14-07-2023,1939.347046,30334.06836
15-07-2023,1931.466553,30295.80664
16-07-2023,1923.681885,30249.13281
17-07-2023,1911.646118,30145.88867
18-07-2023,1897.599243,29856.5625
19-07-2023,1889.007935,29913.92383
20-07-2023,1890.969116,29792.01563
21-07-2023,1892.080078,29908.74414
22-07-2023,1864.912354,29771.80273
23-07-2023,1889.19165,30084.53906
24-07-2023,1850.002075,29176.91602
25-07-2023,1857.741943,29227.39063
26-07-2023,1872.159912,29354.97266
27-07-2023,1860.357178,29210.68945
28-07-2023,1874.744873,29319.24609
29-07-2023,1881.068848,29356.91797
30-07-2023,1861.643799,29275.30859
31-07-2023,1856.162354,29230.11133
01-08-2023,1871.792114,29675.73242
02-08-2023,1839.089722,29151.95898
03-08-2023,1835.136475,29178.67969
04-08-2023,1827.712891,29074.0918
05-08-2023,1834.987915,29042.12695
06-08-2023,1827.462036,29041.85547
07-08-2023,1826.938843,29180.57813
08-08-2023,1855.807373,29765.49219
09-08-2023,1854.297607,29561.49414
10-08-2023,1850.753418,29429.5918
11-08-2023,1847.12439,29397.71484
12-08-2023,1848.889893,29415.96484
13-08-2023,1839.280151,29282.91406
14-08-2023,1844.185791,29408.44336
15-08-2023,1826.932739,29170.34766
16-08-2023,1805.659058,28701.7793
17-08-2023,1684.933472,26664.55078
18-08-2023,1660.945068,26049.55664
19-08-2023,1669.471924,26096.20508
20-08-2023,1684.852051,26189.58398
21-08-2023,1667.269043,26124.14063
22-08-2023,1633.892578,26031.65625
23-08-2023,1679.274414,26431.64063
24-08-2023,1659.94458,26162.37305
25-08-2023,1652.935059,26047.66797
26-08-2023,1646.306763,26008.46289
27-08-2023,1657.513062,26089.69336
28-08-2023,1652.457397,26106.15039
29-08-2023,1729.725708,27727.39258
30-08-2023,1705.112183,27297.26563
31-08-2023,1645.63916,25931.47266
01-09-2023,1628.491211,25800.72461
02-09-2023,1637.025391,25868.79883
03-09-2023,1636.117676,25969.56641
04-09-2023,1629.655273,25812.41602
05-09-2023,1633.629395,25779.98242
06-09-2023,1632.252319,25753.23633
07-09-2023,1647.598267,26240.19531
08-09-2023,1636.137817,25905.6543
09-09-2023,1635.162354,25895.67773
10-09-2023,1616.828857,25832.22656
11-09-2023,1551.637695,25162.6543
12-09-2023,1592.429443,25833.34375
13-09-2023,1607.988525,26228.32422
14-09-2023,1626.974365,26539.67383
15-09-2023,1641.640381,26608.69336
16-09-2023,1635.22168,26568.28125
17-09-2023,1622.896729,26534.1875
18-09-2023,1637.347046,26754.28125
19-09-2023,1643.544678,27211.11719
20-09-2023,1622.890625,27132.00781
21-09-2023,1584.307007,26567.63281
22-09-2023,1593.268311,26579.56836
23-09-2023,1593.857788,26579.39063
24-09-2023,1580.853394,26256.82617
25-09-2023,1588.322876,26298.48047
26-09-2023,1593.417236,26217.25
27-09-2023,1597.491211,26352.7168
28-09-2023,1652.88269,27021.54688
29-09-2023,1667.943848,26911.7207
30-09-2023,1671.161865,26967.91602
01-10-2023,1733.810425,27983.75
02-10-2023,1663.627563,27530.78516
03-10-2023,1656.685669,27429.97852
04-10-2023,1647.838135,27799.39453
05-10-2023,1611.47644,27415.91211
06-10-2023,1645.831543,27946.59766
07-10-2023,1634.51123,27968.83984
08-10-2023,1633.548584,27935.08984
09-10-2023,1579.806641,27583.67773
10-10-2023,1567.713013,27391.01953
11-10-2023,1566.254761,26873.32031
12-10-2023,1539.612427,26756.79883
13-10-2023,1552.089478,26862.375
14-10-2023,1555.256836,26861.70703
15-10-2023,1558.069824,27159.65234
16-10-2023,1600.534302,28519.4668
17-10-2023,1565.439575,28415.74805
18-10-2023,1563.749878,28328.3418
19-10-2023,1567.457031,28719.80664
20-10-2023,1604.66687,29682.94922
21-10-2023,1629.304443,29918.41211
22-10-2023,1663.429932,29993.89648
23-10-2023,1765.38269,33086.23438
24-10-2023,1784.4375,33901.52734
25-10-2023,1787.397583,34502.82031
26-10-2023,1804.039307,34156.64844
27-10-2023,1780.045288,33909.80078
28-10-2023,1776.618164,34089.57422
29-10-2023,1795.546021,34538.48047
30-10-2023,1810.088623,34502.36328
31-10-2023,1816.458984,34667.78125
01-11-2023,1847.089722,35437.25391
02-11-2023,1800.620972,34938.24219
03-11-2023,1832.795166,34732.32422
04-11-2023,1857.698608,35082.19531
05-11-2023,1894.157715,35049.35547
06-11-2023,1899.837402,35037.37109
07-11-2023,1888.124268,35443.5625
08-11-2023,1889.322388,35655.27734
09-11-2023,2120.561035,36693.125
10-11-2023,2078.289795,37313.96875
11-11-2023,2052.713867,37138.05078
12-11-2023,2045.187012,37054.51953
13-11-2023,2055.265381,36502.35547
14-11-2023,1979.052612,35537.64063
15-11-2023,2060.408447,37880.58203
16-11-2023,1960.881592,36154.76953
17-11-2023,1961.280762,36596.68359
18-11-2023,1963.285034,36585.70313
19-11-2023,2013.204468,37386.54688
20-11-2023,2022.239136,37476.95703
21-11-2023,1937.066772,35813.8125
22-11-2023,2064.425293,37432.33984
23-11-2023,2062.210693,37289.62109
24-11-2023,2081.1521,37720.28125
25-11-2023,2084.413086,37796.79297
26-11-2023,2063.286133,37479.12109
27-11-2023,2027.417358,37254.16797
28-11-2023,2049.338135,37831.08594
29-11-2023,2029.929199,37858.49219
30-11-2023,2052.556152,37712.74609
01-12-2023,2087.139893,38688.75
02-12-2023,2165.704102,39476.33203
03-12-2023,2193.69165,39978.39063
04-12-2023,2243.21582,41980.09766
05-12-2023,2293.841797,44080.64844
06-12-2023,2231.661377,43746.44531
07-12-2023,2357.57959,43292.66406
08-12-2023,2358.731934,44166.60156
09-12-2023,2341.175293,43725.98438
10-12-2023,2352.462646,43779.69922
11-12-2023,2224.578857,41243.83203
12-12-2023,2202.038086,41450.22266
13-12-2023,2260.648682,42890.74219
14-12-2023,2316.579102,43023.97266
15-12-2023,2219.337402,41929.75781
16-12-2023,2226.926514,42240.11719
17-12-2023,2196.481201,41364.66406
18-12-2023,2217.273438,42623.53906
19-12-2023,2177.872559,42270.52734
20-12-2023,2201.911377,43652.25
21-12-2023,2239.54248,43869.15234
22-12-2023,2326.524902,43997.90234
23-12-2023,2309.046387,43739.54297
24-12-2023,2265.692139,43016.11719
25-12-2023,2272.561768,43613.14063
26-12-2023,2231.465332,42520.40234
27-12-2023,2378.73999,43442.85547
28-12-2023,2347.566162,42627.85547
29-12-2023,2300.690674,42099.40234
30-12-2023,2292.06543,42156.90234
31-12-2023,2281.471191,42265.1875
01-01-2024,2352.327881,44167.33203
02-01-2024,2355.836426,44957.96875
03-01-2024,2210.761963,42848.17578
04-01-2024,2269.038086,44179.92188
05-01-2024,2268.647217,44162.69141
06-01-2024,2241.624756,43989.19531
07-01-2024,2222.865967,43943.09766
08-01-2024,2333.032715,46970.50391
09-01-2024,2344.827148,46139.73047
10-01-2024,2582.103516,46627.77734
11-01-2024,2619.619141,46368.58594
12-01-2024,2524.460205,42853.16797
13-01-2024,2576.5979,42842.38281
14-01-2024,2472.241211,41796.26953
15-01-2024,2511.36377,42511.96875
16-01-2024,2587.691162,43154.94531
17-01-2024,2528.369385,42742.65234
18-01-2024,2467.018799,41262.05859
19-01-2024,2489.498535,41618.40625
20-01-2024,null,null
21-01-2024,2465.65918,41623.69531
